dataset,column,site,site_new,species,tree_num,dbh,canopy_area,latin
low.data.2016,dVT1,low,C,oak,Low-Oak10,21.9,8.466,Q. fusiformis
low.data.2016,dVT2,low,C,oak,Low-Oak4,19.9,6.862,Q. fusiformis
low.data.2016,dVT3,low,C,juniper,Low-Jun4,31.5,17.893,J. ashei
low.data.2016,dVT4,low,C,juniper,Low-Jun9,25.3,22.809,J. ashei
mid.data.2016,dVT1,mid,B,oak,Mid-Oak8,13.9,5.947,Q. fusiformis
mid.data.2016,dVT2,mid,B,oak,Mid-Oak3,15.4,6.458,Q. fusiformis
mid.data.2016,NA,mid,B,oak,Mid-OakX,NA,,Q. fusiformis
mid.data.2016,dVT3,mid,B,juniper,Mid-Jun8,11.6,3.05,J. ashei
mid.data.2016,dVT4,mid,B,juniper,Mid-Jun3,17.9,11.74,J. ashei
high.data.2016,dVT1,high,A,oak,High-Oak1,18.1,23.664,Q. fusiformis
high.data.2016,dVT2,high,A,oak,High-Oak7,18.9,14.959,Q. fusiformis
high.data.2016,dVT3,high,A,juniper,High-Jun7,18.6,8.295,J. ashei
high.data.2016,dVT4,high,A,juniper,High-Jun1,17.3,10.516,J. ashei