date,tree,tree2,wp_bar,wp_MPa,quality,comment
7/29/16,High-Oak1,High-Oak1,-7,-0.7,high,
7/29/16,High-Oak7,High-Oak7,-6.5,-0.65,high,
7/29/16,High-Oak7,High-Oak7,-7,-0.7,high,
7/29/16,High-Jun7,High-Jun7a,-8,-0.8,high,
7/29/16,High-Jun7,High-Jun7a,-9,-0.9,high,
7/29/16,High-Jun1,High-Jun1a,-9,-0.9,high,
7/29/16,High-Jun1,High-Jun1a,-8.5,-0.85,high,
7/29/16,Mid-Oak8,Mid-Oak8,-6,-0.6,high,
7/29/16,Mid-Oak8,Mid-Oak8,-4.5,-0.45,high,
7/29/16,Mid-OakX,Mid-OakX,-5,-0.5,high,
7/29/16,Mid-OakX,Mid-OakX,-5.5,-0.55,high,
7/29/16,Mid-Jun8,Mid-Jun8,-11.25,-1.125,high,
7/29/16,Mid-Jun8,Mid-Jun8,-11,-1.1,high,
7/29/16,Mid-Jun3,Mid-Jun3,-11.5,-1.15,high,
7/29/16,Low-Oak10,Low-Oak10,-5,-0.5,high,
7/29/16,Low-Oak10,Low-Oak10,-5,-0.5,high,
7/29/16,Low-Oak4,Low-Oak4,-4.5,-0.45,high,
7/29/16,Low-Oak4,Low-Oak4,-4.5,-0.45,high,
7/29/16,Low-Jun4,Low-Jun4,-9,-0.9,high,
7/29/16,Low-Jun4,Low-Jun4,-9,-0.9,high,
7/29/16,Low-Jun9,Low-Jun9,-8,-0.8,high,
7/29/16,Low-Jun9,Low-Jun9,-8,-0.8,high,
8/12/16,High-Oak1,High-Oak1,-8.5,-0.85,high,
8/12/16,High-Oak7,High-Oak7,-9,-0.9,high,
8/12/16,High-Oak7,High-Oak7,-8.5,-0.85,high,
8/12/16,High-Jun7,High-Jun7,-12.5,-1.25,low,set out a while before taking measurement/may have been recut
8/12/16,Mid-Oak8,Mid-Oak8,-8,-0.8,high,
8/12/16,Mid-Oak8,Mid-Oak8,-8.5,-0.85,high,
8/12/16,Mid-OakX,Mid-OakX,-5,-0.5,high,
8/12/16,Mid-OakX,Mid-OakX,-4,-0.4,high,
8/12/16,Mid-Jun8,Mid-Jun8,-18,-1.8,high,
8/12/16,Mid-Jun8,Mid-Jun8,-18.25,-1.825,high,
8/12/16,Mid-Jun3,Mid-Jun3,-19.25,-1.925,high,
8/12/16,Mid-Jun3,Mid-Jun3,-17,-1.7,low,this is the lower bound of the correct measurement/low nitrogen
8/12/16,Low-Oak10,Low-Oak10,-5,-0.5,high,
8/12/16,Low-Oak10,Low-Oak10,-4.5,-0.45,high,
8/12/16,Low-Oak4,Low-Oak4,-5,-0.5,high,
8/12/16,Low-Oak4,Low-Oak4,-9.5,-0.95,low,measured two times/delay
8/12/16,Low-Jun4,Low-Jun4,-14.5,-1.45,high,
8/12/16,Low-Jun9,Low-Jun9,-11.5,-1.15,high,
8/12/16,Low-Jun9,Low-Jun9,-11.5,-1.15,high,
9/6/16,High-Oak1,High-Oak1,-5,-0.5,high,
9/6/16,High-Oak1,High-Oak1,-3.5,-0.35,high,
9/6/16,High-Oak7,High-Oak7,-7.5,-0.75,high,
9/6/16,High-Jun7,High-Jun7b,-10,-1,high,
9/6/16,High-Jun7,High-Jun7b,-7.5,-0.75,high,
9/6/16,High-Jun1,High-Jun1b,-13,-1.3,low,this is the upper bound of the measurement/missed event
9/6/16,High-Jun1,High-Jun1b,-8.5,-0.85,high,
9/6/16,Mid-Oak8,Mid-Oak8,-4.5,-0.45,high,
9/6/16,Mid-Oak8,Mid-Oak8,-5,-0.5,high,
9/6/16,Mid-OakX,Mid-OakX,-6,-0.6,high,
9/6/16,Mid-OakX,Mid-OakX,-5.5,-0.55,high,
9/6/16,Mid-Jun8,Mid-Jun8,-5.25,-0.525,high,
9/6/16,Mid-Jun8,Mid-Jun8,-4.5,-0.45,high,
9/6/16,Mid-Jun3,Mid-Jun3,-5,-0.5,high,
9/6/16,Mid-Jun3,Mid-Jun3,-5.5,-0.55,high,
9/6/16,Low-Oak10,Low-Oak10,-6.25,-0.625,high,
9/6/16,Low-Oak10,Low-Oak10,-5,-0.5,high,
9/6/16,Low-Oak4,Low-Oak4,-6.5,-0.65,high,
9/6/16,Low-Jun4,Low-Jun4,-8,-0.8,high,
9/6/16,Low-Jun4,Low-Jun4,-6.5,-0.65,high,
9/6/16,Low-Jun9,Low-Jun9,-5,-0.5,high,
9/6/16,Low-Jun9,Low-Jun9,-5.5,-0.55,high,