dataset,column,site,site_new,species,tree_num,dbh,canopy_area,latin
low.data.2017,dVT1,low,F,oak,Low-Oak1,29.4,46.516,Q. fusiformis
low.data.2017,dVT2,low,F,oak,Low-Oak2,25.2,17.751,Q. fusiformis
low.data.2017,dVT3,low,F,juniper,Low-Jun1,21.7,10.97,J. ashei
low.data.2017,dVT4,low,F,juniper,Low-Jun2,29.7,15.747,J. ashei
mid.data.2017,dVT1,mid,E,oak,Mid-Oak3,18.2,14.235,Q. fusiformis
mid.data.2017,dVT2,mid,E,oak,Mid-Oak4,11.4,4.877,Q. fusiformis
mid.data.2017,NA,mid,E,juniper,Mid-Jun3,12.7,6.109,J. ashei
mid.data.2017,dVT4,mid,E,juniper,Mid-Jun4,19.7,6.665,J. ashei
high.data.2017,dVT1,high,D,oak,High-Oak5,27.5,16.879,Q. fusiformis
high.data.2017,dVT2,high,D,oak,High-Oak6,25.9,16.669,Q. fusiformis
high.data.2017,dVT3,high,D,juniper,High-Jun5,22.8,11.203,J. ashei
high.data.2017,dVT4,high,D,juniper,High-Jun6,20.1,3.597,J. ashei